group,mileage,avgSpeed,maxSpeed,moveTime,engineTime,parking,consumed,avgConsumed,date,day,month,year,weekday,week,turn,initialPitchAngle,initialRollAngle,initialVolFuelRalenti,initialVolFuelOptimo,initialVolSobrecarga,initialHorasRalenti,initialHorasOptimo,finalPitchAngle,finalRollAngle,finalVolFuelRalenti,finalVolFuelOptimo,finalVolFuelSobrecarga,finalHorasRalenti,finalHorasOptimo,fuelRalenti,fuelOptimo,fuelTotal,horasRalenti,horasOptimo,horasTotal,nm
(2022-12-19) Dia,89.89,13.0,49.0,6.86,6.1,0.98,307.16,0.29,2022-12-19,19,12,2022,0,51,Dia,0.0,0.0,0.0,0.0,0.0,0.0,0.0,0.0,0.0,0.0,0.0,0.0,0.0,0.0,0.0,0.0,0.0,0.0,0.0,0.0,HT61
(2022-12-19) Noche,104.95,11.0,48.0,6.47,8.47,2.51,312.35,0.34,2022-12-19,19,12,2022,0,51,Noche,0.0,0.0,0.0,0.0,0.0,0.0,0.0,0.0,0.0,0.0,0.0,0.0,0.0,0.0,0.0,0.0,0.0,0.0,0.0,0.0,HT61
(2022-12-20) Dia,69.91,16.0,52.0,5.25,12.81,0.5,635.09,0.11,2022-12-20,20,12,2022,1,51,Dia,0.0,0.0,0.0,0.0,0.0,0.0,0.0,0.0,0.0,0.0,0.0,0.0,0.0,0.0,0.0,0.0,0.0,0.0,0.0,0.0,HT61
(2022-12-20) Noche,100.85,11.0,45.0,5.51,8.65,2.4,311.13,0.32,2022-12-20,20,12,2022,1,51,Noche,0.0,0.0,0.0,0.0,0.0,0.0,0.0,0.0,0.0,0.0,0.0,0.0,0.0,0.0,0.0,0.0,0.0,0.0,0.0,0.0,HT61
(2022-12-21) Dia,61.72,17.0,47.0,2.4,12.04,1.31,441.89,0.14,2022-12-21,21,12,2022,2,51,Dia,0.0,0.0,0.0,0.0,0.0,0.0,0.0,0.0,0.0,0.0,0.0,0.0,0.0,0.0,0.0,0.0,0.0,0.0,0.0,0.0,HT61
(2022-12-21) Noche,100.78,8.0,51.0,7.65,8.6,5.1,268.75,0.37,2022-12-21,21,12,2022,2,51,Noche,0.0,0.0,0.0,0.0,0.0,0.0,0.0,0.0,0.0,0.0,0.0,0.0,0.0,0.0,0.0,0.0,0.0,0.0,0.0,0.0,HT61
(2022-12-22) Dia,159.01,13.0,54.0,9.68,11.27,1.55,405.26,0.39,2022-12-22,22,12,2022,3,52,Dia,0.0,0.0,0.0,0.0,0.0,0.0,0.0,0.0,0.0,0.0,0.0,0.0,0.0,0.0,0.0,0.0,0.0,0.0,0.0,0.0,HT61
(2022-12-22) Noche,148.06,12.0,43.0,9.38,9.75,2.86,390.61,0.38,2022-12-22,22,12,2022,3,52,Noche,0.0,0.0,0.0,0.0,0.0,0.0,0.0,0.0,0.0,0.0,0.0,0.0,0.0,0.0,0.0,0.0,0.0,0.0,0.0,0.0,HT61
(2022-12-23) Dia,166.27,14.0,58.0,8.36,10.57,3.36,400.38,0.42,2022-12-23,23,12,2022,4,52,Dia,0.0,0.0,0.0,0.0,0.0,0.0,0.0,0.0,0.0,0.0,0.0,0.0,0.0,0.0,0.0,0.0,0.0,0.0,0.0,0.0,HT61
(2022-12-23) Noche,155.07,13.0,56.0,8.88,10.27,3.1,378.69,0.41,2022-12-23,23,12,2022,4,52,Noche,0.0,0.0,0.0,0.0,0.0,0.0,0.0,0.0,0.0,0.0,0.0,0.0,0.0,0.0,0.0,0.0,0.0,0.0,0.0,0.0,HT61
(2022-12-24) Dia,207.71,17.0,58.0,11.76,10.42,1.89,516.64,0.4,2022-12-24,24,12,2022,5,52,Dia,0.0,0.0,0.0,0.0,0.0,0.0,0.0,0.0,0.0,0.0,0.0,0.0,0.0,0.0,0.0,0.0,0.0,0.0,0.0,0.0,HT61
(2022-12-24) Noche,133.67,11.0,55.0,4.98,7.07,5.33,327.53,0.41,2022-12-24,24,12,2022,5,52,Noche,0.0,0.0,0.0,0.0,0.0,0.0,0.0,0.0,0.0,0.0,0.0,0.0,0.0,0.0,0.0,0.0,0.0,0.0,0.0,0.0,HT61
(2022-12-25) Dia,201.44,17.0,56.0,9.86,10.28,2.93,398.91,0.5,2022-12-25,25,12,2022,6,52,Dia,0.0,0.0,0.0,0.0,0.0,0.0,0.0,0.0,0.0,0.0,0.0,0.0,0.0,0.0,0.0,0.0,0.0,0.0,0.0,0.0,HT61
(2022-12-25) Noche,194.69,16.0,55.0,13.33,9.83,2.74,474.93,0.41,2022-12-25,25,12,2022,6,52,Noche,0.0,0.0,0.0,0.0,0.0,0.0,0.0,0.0,0.0,0.0,0.0,0.0,0.0,0.0,0.0,0.0,0.0,0.0,0.0,0.0,HT61
(2022-12-26) Dia,138.89,12.0,46.0,6.88,10.11,2.73,412.3,0.34,2022-12-26,26,12,2022,0,52,Dia,0.0,0.0,0.0,0.0,0.0,0.0,0.0,0.0,0.0,0.0,0.0,0.0,0.0,0.0,0.0,0.0,0.0,0.0,0.0,0.0,HT61
(2022-12-26) Noche,173.55,14.0,54.0,7.61,10.16,1.86,493.77,0.35,2022-12-26,26,12,2022,0,52,Noche,0.0,0.0,0.0,0.0,0.0,0.0,0.0,0.0,0.0,0.0,0.0,0.0,0.0,0.0,0.0,0.0,0.0,0.0,0.0,0.0,HT61
(2022-12-27) Dia,95.67,8.0,46.0,6.41,7.1,5.56,264.31,0.36,2022-12-27,27,12,2022,1,52,Dia,0.0,0.0,0.0,0.0,0.0,0.0,0.0,0.0,0.0,0.0,0.0,0.0,0.0,0.0,0.0,0.0,0.0,0.0,0.0,0.0,HT61
(2022-12-27) Noche,8.01,1.0,34.0,0.4,0.98,11.57,24.02,0.33,2022-12-27,27,12,2022,1,52,Noche,0.0,0.0,0.0,0.0,0.0,0.0,0.0,0.0,0.0,0.0,0.0,0.0,0.0,0.0,0.0,0.0,0.0,0.0,0.0,0.0,HT61
(2022-12-28) Dia,123.21,10.0,43.0,11.98,9.05,4.78,346.51,0.36,2022-12-28,28,12,2022,2,52,Dia,0.0,0.0,0.0,0.0,0.0,0.0,0.0,0.0,0.0,0.0,0.0,0.0,0.0,0.0,0.0,0.0,0.0,0.0,0.0,0.0,HT61
(2022-12-28) Noche,167.98,14.0,56.0,5.38,10.16,1.83,421.65,0.4,2022-12-28,28,12,2022,2,52,Noche,0.0,0.0,0.0,0.0,0.0,0.0,0.0,0.0,0.0,0.0,0.0,0.0,0.0,0.0,0.0,0.0,0.0,0.0,0.0,0.0,HT61
(2022-12-29) Dia,207.76,17.0,56.0,10.5,11.19,1.48,519.95,0.4,2022-12-29,29,12,2022,3,53,Dia,0.0,0.0,0.0,0.0,0.0,0.0,0.0,0.0,0.0,0.0,0.0,0.0,0.0,0.0,0.0,0.0,0.0,0.0,0.0,0.0,HT61
(2022-12-29) Noche,48.74,4.0,55.0,3.36,3.46,9.53,91.02,0.54,2022-12-29,29,12,2022,3,53,Noche,0.0,0.0,0.0,0.0,0.0,0.0,0.0,0.0,0.0,0.0,0.0,0.0,0.0,0.0,0.0,0.0,0.0,0.0,0.0,0.0,HT61
(2022-12-30) Dia,184.43,15.0,52.0,10.5,10.38,2.06,464.96,0.4,2022-12-30,30,12,2022,4,53,Dia,0.0,0.0,0.0,0.0,0.0,0.0,0.0,0.0,0.0,0.0,0.0,0.0,0.0,0.0,0.0,0.0,0.0,0.0,0.0,0.0,HT61
(2022-12-30) Noche,121.04,10.0,57.0,8.33,10.19,2.18,344.46,0.35,2022-12-30,30,12,2022,4,53,Noche,0.0,0.0,0.0,0.0,0.0,0.0,0.0,0.0,0.0,0.0,0.0,0.0,0.0,0.0,0.0,0.0,0.0,0.0,0.0,0.0,HT61
(2022-12-31) Dia,151.02,13.0,42.0,8.63,10.6,3.4,336.64,0.45,2022-12-31,31,12,2022,5,53,Dia,0.0,0.0,0.0,0.0,0.0,0.0,0.0,0.0,0.0,0.0,0.0,0.0,0.0,0.0,0.0,0.0,0.0,0.0,0.0,0.0,HT61
(2022-12-31) Noche,143.27,12.0,55.0,9.45,10.12,2.66,388.06,0.37,2022-12-31,31,12,2022,5,53,Noche,0.0,0.0,0.0,0.0,0.0,0.0,0.0,0.0,0.0,0.0,0.0,0.0,0.0,0.0,0.0,0.0,0.0,0.0,0.0,0.0,HT61
(2023-01-01) Dia,183.12,15.0,53.0,9.88,10.3,2.8,431.98,0.42,2023-01-01,1,1,2023,6,53,Dia,0.0,0.0,0.0,0.0,0.0,0.0,0.0,0.0,0.0,0.0,0.0,0.0,0.0,0.0,0.0,0.0,0.0,0.0,0.0,0.0,HT61
(2023-01-01) Noche,96.6,8.0,49.0,5.11,10.38,6.19,339.06,0.28,2023-01-01,1,1,2023,6,53,Noche,0.0,0.0,0.0,0.0,0.0,0.0,0.0,0.0,0.0,0.0,0.0,0.0,0.0,0.0,0.0,0.0,0.0,0.0,0.0,0.0,HT61
(2023-01-02) Dia,203.18,17.0,53.0,12.41,11.19,1.61,452.44,0.45,2023-01-02,2,1,2023,0,1,Dia,0.0,0.0,0.0,0.0,0.0,0.0,0.0,0.0,0.0,0.0,0.0,0.0,0.0,0.0,0.0,0.0,0.0,0.0,0.0,0.0,HT61
(2023-01-02) Noche,130.91,11.0,50.0,5.45,8.07,4.6,371.51,0.35,2023-01-02,2,1,2023,0,1,Noche,0.0,0.0,0.0,0.0,0.0,0.0,0.0,0.0,0.0,0.0,0.0,0.0,0.0,0.0,0.0,0.0,0.0,0.0,0.0,0.0,HT61
(2023-01-03) Dia,120.18,10.0,55.0,7.31,8.86,4.73,342.87,0.35,2023-01-03,3,1,2023,1,1,Dia,0.0,0.0,0.0,0.0,0.0,0.0,0.0,0.0,0.0,0.0,0.0,0.0,0.0,0.0,0.0,0.0,0.0,0.0,0.0,0.0,HT61
(2023-01-03) Noche,197.9,16.0,53.0,12.18,11.3,1.01,507.72,0.39,2023-01-03,3,1,2023,1,1,Noche,0.0,0.0,0.0,0.0,0.0,0.0,0.0,0.0,0.0,0.0,0.0,0.0,0.0,0.0,0.0,0.0,0.0,0.0,0.0,0.0,HT61
(2023-01-04) Dia,36.03,3.0,49.0,0.56,3.53,9.98,100.15,0.36,2023-01-04,4,1,2023,2,1,Dia,0.0,0.0,0.0,0.0,0.0,0.0,0.0,0.0,0.0,0.0,0.0,0.0,0.0,0.0,0.0,0.0,0.0,0.0,0.0,0.0,HT61
(2023-01-04) Noche,154.1,13.0,48.0,10.43,11.15,1.71,423.37,0.36,2023-01-04,4,1,2023,2,1,Noche,0.0,0.0,0.0,0.0,0.0,0.0,0.0,0.0,0.0,0.0,0.0,0.0,0.0,0.0,0.0,0.0,0.0,0.0,0.0,0.0,HT61
(2023-01-05) Dia,171.55,14.0,56.0,9.61,10.15,2.16,395.37,0.43,2023-01-05,5,1,2023,3,2,Dia,0.0,0.0,0.0,0.0,0.0,0.0,0.0,0.0,0.0,0.0,0.0,0.0,0.0,0.0,0.0,0.0,0.0,0.0,0.0,0.0,HT61
(2023-01-05) Noche,148.66,12.0,48.0,9.63,9.97,2.39,377.6,0.39,2023-01-05,5,1,2023,3,2,Noche,0.0,0.0,0.0,0.0,0.0,0.0,0.0,0.0,0.0,0.0,0.0,0.0,0.0,0.0,0.0,0.0,0.0,0.0,0.0,0.0,HT61
(2023-01-06) Dia,47.3,4.0,47.0,2.55,4.54,9.41,104.92,0.45,2023-01-06,6,1,2023,4,2,Dia,0.0,0.0,0.0,0.0,0.0,0.0,0.0,0.0,0.0,0.0,0.0,0.0,0.0,0.0,0.0,0.0,0.0,0.0,0.0,0.0,HT61
(2023-01-06) Noche,171.08,14.0,52.0,14.81,10.35,1.76,492.78,0.35,2023-01-06,6,1,2023,4,2,Noche,0.0,0.0,0.0,0.0,0.0,0.0,0.0,0.0,0.0,0.0,0.0,0.0,0.0,0.0,0.0,0.0,0.0,0.0,0.0,0.0,HT61
(2023-01-07) Dia,154.11,13.0,58.0,4.66,9.89,2.71,320.02,0.48,2023-01-07,7,1,2023,5,2,Dia,0.0,0.0,0.0,0.0,0.0,0.0,0.0,0.0,0.0,0.0,0.0,0.0,0.0,0.0,0.0,0.0,0.0,0.0,0.0,0.0,HT61
(2023-01-07) Noche,171.89,14.0,47.0,10.4,10.88,1.58,471.08,0.36,2023-01-07,7,1,2023,5,2,Noche,0.0,0.0,0.0,0.0,0.0,0.0,0.0,0.0,0.0,0.0,0.0,0.0,0.0,0.0,0.0,0.0,0.0,0.0,0.0,0.0,HT61
(2023-01-08) Dia,58.41,5.0,47.0,7.85,4.74,8.26,156.51,0.37,2023-01-08,8,1,2023,6,2,Dia,0.0,0.0,0.0,0.0,0.0,0.0,0.0,0.0,0.0,0.0,0.0,0.0,0.0,0.0,0.0,0.0,0.0,0.0,0.0,0.0,HT61
(2023-01-08) Noche,114.57,13.0,47.0,2.71,7.17,1.66,331.25,0.35,2023-01-08,8,1,2023,6,2,Noche,0.0,0.0,0.0,0.0,0.0,0.0,0.0,0.0,0.0,0.0,0.0,0.0,0.0,0.0,0.0,0.0,0.0,0.0,0.0,0.0,HT61
(2023-01-11) Noche,118.43,10.0,48.0,8.43,34.48,3.01,1268.43,0.09,2023-01-11,11,1,2023,2,2,Noche,0.0,0.0,0.0,0.0,0.0,0.0,0.0,0.0,0.0,0.0,0.0,0.0,0.0,0.0,0.0,0.0,0.0,0.0,0.0,0.0,HT61
(2023-01-12) Dia,84.89,7.0,51.0,6.08,6.15,6.26,255.68,0.33,2023-01-12,12,1,2023,3,3,Dia,0.0,0.0,0.0,0.0,0.0,0.0,0.0,0.0,0.0,0.0,0.0,0.0,0.0,0.0,0.0,0.0,0.0,0.0,0.0,0.0,HT61
(2023-01-12) Noche,133.2,11.0,43.0,7.91,9.76,3.83,355.3,0.37,2023-01-12,12,1,2023,3,3,Noche,0.0,0.0,0.0,0.0,0.0,0.0,0.0,0.0,0.0,0.0,0.0,0.0,0.0,0.0,0.0,0.0,0.0,0.0,0.0,0.0,HT61
(2023-01-13) Dia,154.27,13.0,55.0,8.8,9.66,3.08,398.46,0.39,2023-01-13,13,1,2023,4,3,Dia,0.0,0.0,0.0,0.0,0.0,0.0,0.0,0.0,0.0,0.0,0.0,0.0,0.0,0.0,0.0,0.0,0.0,0.0,0.0,0.0,HT61
(2023-01-13) Noche,45.41,4.0,49.0,2.75,3.01,9.23,115.28,0.39,2023-01-13,13,1,2023,4,3,Noche,0.0,0.0,0.0,0.0,0.0,0.0,0.0,0.0,0.0,0.0,0.0,0.0,0.0,0.0,0.0,0.0,0.0,0.0,0.0,0.0,HT61
(2023-01-14) Dia,0.75,0.0,9.0,0.0,0.68,11.98,7.24,0.1,2023-01-14,14,1,2023,5,3,Dia,0.0,0.0,0.0,0.0,0.0,0.0,0.0,0.0,0.0,0.0,0.0,0.0,0.0,0.0,0.0,0.0,0.0,0.0,0.0,0.0,HT61
(2023-01-14) Noche,102.05,9.0,51.0,5.71,4.95,7.08,212.43,0.48,2023-01-14,14,1,2023,5,3,Noche,0.0,0.0,0.0,0.0,0.0,0.0,0.0,0.0,0.0,0.0,0.0,0.0,0.0,0.0,0.0,0.0,0.0,0.0,0.0,0.0,HT61
(2023-01-15) Dia,167.29,14.0,52.0,9.2,10.36,2.61,456.11,0.37,2023-01-15,15,1,2023,6,3,Dia,0.0,0.0,0.0,0.0,0.0,0.0,0.0,0.0,0.0,0.0,0.0,0.0,0.0,0.0,0.0,0.0,0.0,0.0,0.0,0.0,HT61
(2023-01-15) Noche,63.01,5.0,49.0,2.31,4.52,9.05,134.79,0.47,2023-01-15,15,1,2023,6,3,Noche,0.0,0.0,0.0,0.0,0.0,0.0,0.0,0.0,0.0,0.0,0.0,0.0,0.0,0.0,0.0,0.0,0.0,0.0,0.0,0.0,HT61
(2023-01-16) Dia,167.99,14.0,48.0,14.15,9.99,3.31,353.28,0.48,2023-01-16,16,1,2023,0,3,Dia,0.0,0.0,0.0,0.0,0.0,0.0,0.0,0.0,0.0,0.0,0.0,0.0,0.0,0.0,0.0,0.0,0.0,0.0,0.0,0.0,HT61
(2023-01-16) Noche,172.99,14.0,51.0,4.51,10.4,2.0,390.29,0.44,2023-01-16,16,1,2023,0,3,Noche,0.0,0.0,0.0,0.0,0.0,0.0,0.0,0.0,0.0,0.0,0.0,0.0,0.0,0.0,0.0,0.0,0.0,0.0,0.0,0.0,HT61
(2023-01-17) Dia,94.42,8.0,51.0,5.71,6.44,6.26,235.75,0.4,2023-01-17,17,1,2023,1,3,Dia,0.0,0.0,0.0,0.0,0.0,0.0,0.0,0.0,0.0,0.0,0.0,0.0,0.0,0.0,0.0,0.0,0.0,0.0,0.0,0.0,HT61
(2023-01-17) Noche,93.49,8.0,45.0,5.88,6.21,6.1,223.52,0.42,2023-01-17,17,1,2023,1,3,Noche,0.0,0.0,0.0,0.0,0.0,0.0,0.0,0.0,0.0,0.0,0.0,0.0,0.0,0.0,0.0,0.0,0.0,0.0,0.0,0.0,HT61
(2023-01-18) Dia,208.59,17.0,50.0,15.51,11.2,1.53,508.52,0.41,2023-01-18,18,1,2023,2,3,Dia,0.0,0.0,0.0,0.0,0.0,0.0,0.0,0.0,0.0,0.0,0.0,0.0,0.0,0.0,0.0,0.0,0.0,0.0,0.0,0.0,HT61
(2023-01-18) Noche,179.08,15.0,53.0,5.18,10.23,2.03,426.76,0.42,2023-01-18,18,1,2023,2,3,Noche,0.0,0.0,0.0,0.0,0.0,0.0,0.0,0.0,0.0,0.0,0.0,0.0,0.0,0.0,0.0,0.0,0.0,0.0,0.0,0.0,HT61
(2023-01-19) Dia,25.28,2.0,41.0,1.01,2.2,9.4,68.96,0.37,2023-01-19,19,1,2023,3,4,Dia,0.0,0.0,0.0,0.0,0.0,0.0,0.0,0.0,0.0,0.0,0.0,0.0,0.0,0.0,0.0,0.0,0.0,0.0,0.0,0.0,HT61
(2023-01-19) Noche,43.39,10.0,47.0,4.3,3.04,1.92,155.47,0.28,2023-01-19,19,1,2023,3,4,Noche,0.0,0.0,0.0,0.0,0.0,0.0,0.0,0.0,0.0,0.0,0.0,0.0,0.0,0.0,0.0,0.0,0.0,0.0,0.0,0.0,HT61
(2023-01-20) Dia,183.17,15.0,46.0,9.2,11.03,1.0,488.68,0.37,2023-01-20,20,1,2023,4,4,Dia,0.0,0.0,0.0,0.0,0.0,0.0,0.0,0.0,0.0,0.0,0.0,0.0,0.0,0.0,0.0,0.0,0.0,0.0,0.0,0.0,HT61
(2023-01-20) Noche,126.87,11.0,44.0,7.75,8.3,4.23,312.64,0.41,2023-01-20,20,1,2023,4,4,Noche,0.0,0.0,0.0,0.0,0.0,0.0,0.0,0.0,0.0,0.0,0.0,0.0,0.0,0.0,0.0,0.0,0.0,0.0,0.0,0.0,HT61
(2023-01-21) Dia,172.96,14.0,51.0,13.38,10.81,1.45,436.53,0.4,2023-01-21,21,1,2023,5,4,Dia,0.0,0.0,0.0,0.0,0.0,0.0,0.0,0.0,0.0,0.0,0.0,0.0,0.0,0.0,0.0,0.0,0.0,0.0,0.0,0.0,HT61
(2023-01-21) Noche,152.68,13.0,41.0,11.21,10.25,2.88,407.5,0.37,2023-01-21,21,1,2023,5,4,Noche,0.0,0.0,0.0,0.0,0.0,0.0,0.0,0.0,0.0,0.0,0.0,0.0,0.0,0.0,0.0,0.0,0.0,0.0,0.0,0.0,HT61
(2023-01-22) Dia,178.36,15.0,47.0,5.16,10.88,1.98,413.03,0.43,2023-01-22,22,1,2023,6,4,Dia,0.0,0.0,0.0,0.0,0.0,0.0,0.0,0.0,0.0,0.0,0.0,0.0,0.0,0.0,0.0,0.0,0.0,0.0,0.0,0.0,HT61
(2023-01-22) Noche,78.79,7.0,41.0,6.83,7.35,5.75,256.33,0.31,2023-01-22,22,1,2023,6,4,Noche,0.0,0.0,0.0,0.0,0.0,0.0,0.0,0.0,0.0,0.0,0.0,0.0,0.0,0.0,0.0,0.0,0.0,0.0,0.0,0.0,HT61
(2023-01-23) Dia,161.75,13.0,43.0,7.96,10.38,3.48,396.09,0.41,2023-01-23,23,1,2023,0,4,Dia,0.0,0.0,0.0,0.0,0.0,0.0,0.0,0.0,0.0,0.0,0.0,0.0,0.0,0.0,0.0,0.0,0.0,0.0,0.0,0.0,HT61
(2023-01-23) Noche,9.75,1.0,41.0,0.3,1.19,11.55,20.08,0.49,2023-01-23,23,1,2023,0,4,Noche,0.0,0.0,0.0,0.0,0.0,0.0,0.0,0.0,0.0,0.0,0.0,0.0,0.0,0.0,0.0,0.0,0.0,0.0,0.0,0.0,HT61
(2023-01-24) Dia,147.3,12.0,50.0,9.7,9.15,3.25,412.53,0.36,2023-01-24,24,1,2023,1,4,Dia,0.0,0.0,0.0,0.0,0.0,0.0,0.0,0.0,0.0,0.0,0.0,0.0,0.0,0.0,0.0,0.0,0.0,0.0,0.0,0.0,HT61
(2023-01-24) Noche,176.79,15.0,49.0,10.4,10.73,1.41,445.69,0.4,2023-01-24,24,1,2023,1,4,Noche,0.0,0.0,0.0,0.0,0.0,0.0,0.0,0.0,0.0,0.0,0.0,0.0,0.0,0.0,0.0,0.0,0.0,0.0,0.0,0.0,HT61
(2023-01-25) Dia,197.49,16.0,52.0,11.99,11.0,1.4,424.9,0.46,2023-01-25,25,1,2023,2,4,Dia,0.0,0.0,0.0,0.0,0.0,0.0,0.0,0.0,0.0,0.0,0.0,0.0,0.0,0.0,0.0,0.0,0.0,0.0,0.0,0.0,HT61
(2023-01-25) Noche,125.32,10.0,41.0,8.68,10.89,1.73,362.29,0.35,2023-01-25,25,1,2023,2,4,Noche,0.0,0.0,0.0,0.0,0.0,0.0,0.0,0.0,0.0,0.0,0.0,0.0,0.0,0.0,0.0,0.0,0.0,0.0,0.0,0.0,HT61
(2023-01-26) Dia,154.06,13.0,47.0,10.73,11.18,1.19,364.71,0.42,2023-01-26,26,1,2023,3,5,Dia,0.0,0.0,0.0,0.0,0.0,0.0,0.0,0.0,0.0,0.0,0.0,0.0,0.0,0.0,0.0,0.0,0.0,0.0,0.0,0.0,HT61
(2023-01-26) Noche,174.1,15.0,42.0,10.72,11.22,1.51,464.68,0.37,2023-01-26,26,1,2023,3,5,Noche,0.0,0.0,0.0,0.0,0.0,0.0,0.0,0.0,0.0,0.0,0.0,0.0,0.0,0.0,0.0,0.0,0.0,0.0,0.0,0.0,HT61
(2023-01-27) Dia,111.48,9.0,55.0,5.04,6.9,6.16,214.91,0.52,2023-01-27,27,1,2023,4,5,Dia,0.0,0.0,0.0,0.0,0.0,0.0,0.0,0.0,0.0,0.0,0.0,0.0,0.0,0.0,0.0,0.0,0.0,0.0,0.0,0.0,HT61
(2023-01-27) Noche,145.18,12.0,42.0,9.22,9.22,2.76,386.5,0.38,2023-01-27,27,1,2023,4,5,Noche,0.0,0.0,0.0,0.0,0.0,0.0,0.0,0.0,0.0,0.0,0.0,0.0,0.0,0.0,0.0,0.0,0.0,0.0,0.0,0.0,HT61
(2023-01-28) Dia,173.02,14.0,48.0,9.64,10.57,2.33,406.44,0.43,2023-01-28,28,1,2023,5,5,Dia,0.0,0.0,0.0,0.0,0.0,0.0,0.0,0.0,0.0,0.0,0.0,0.0,0.0,0.0,0.0,0.0,0.0,0.0,0.0,0.0,HT61
(2023-01-28) Noche,151.97,13.0,41.0,9.14,9.92,2.83,388.16,0.39,2023-01-28,28,1,2023,5,5,Noche,0.0,0.0,0.0,0.0,0.0,0.0,0.0,0.0,0.0,0.0,0.0,0.0,0.0,0.0,0.0,0.0,0.0,0.0,0.0,0.0,HT61
(2023-01-29) Dia,96.19,8.0,54.0,5.2,5.49,6.93,191.5,0.5,2023-01-29,29,1,2023,6,5,Dia,0.0,0.0,0.0,0.0,0.0,0.0,0.0,0.0,0.0,0.0,0.0,0.0,0.0,0.0,0.0,0.0,0.0,0.0,0.0,0.0,HT61
(2023-01-29) Noche,142.68,12.0,42.0,7.97,9.27,4.47,295.61,0.48,2023-01-29,29,1,2023,6,5,Noche,0.0,0.0,1241.69,31015.55,0.95,0.0,0.0,0.0,0.0,1242.08,31016.54,0.95,0.0,0.0,0.38999999999987267,0.9900000000016007,1.3800000000014734,0.0,0.0,0.0,HT61
(2023-01-30) Dia,101.3,13.0,45.0,5.32,6.49,1.75,204.33,0.5,2023-01-30,30,1,2023,0,5,Dia,-1.96,-2.24,1242.08,31016.66,0.95,0.0,0.0,-0.34,-0.39,1253.73,31209.33,0.95,0.0,0.0,11.650000000000091,192.6700000000019,204.32000000000198,0.0,0.0,0.0,HT61
(2023-01-30) Noche,94.28,13.0,40.0,6.3,13.93,2.2,414.94,0.23,2023-01-30,30,1,2023,0,5,Noche,1.96,8.82,1267.74,31443.16,0.95,241.17,548.25,-3.98,-1.01,1276.66,31601.3,0.95,241.26,548.29,8.920000000000073,158.13999999999942,167.0599999999995,0.09000000000000341,0.03999999999996362,0.12999999999996703,HT61
(2023-01-31) Dia,161.75,13.0,51.0,9.23,10.75,1.7,322.06,0.5,2023-01-31,31,1,2023,1,5,Dia,-1.79,7.29,1276.69,31601.6,0.95,241.27,548.29,1.23,1.01,1298.52,31901.58,0.95,245.11,554.32,21.829999999999927,299.9800000000032,321.81000000000313,3.8400000000000034,6.030000000000086,9.87000000000009,HT61
(2023-01-31) Noche,126.07,11.0,41.0,10.57,10.27,2.26,358.6,0.35,2023-01-31,31,1,2023,1,5,Noche,1.23,1.17,1298.61,31901.58,0.95,245.12,554.32,-1.4,2.41,1316.25,32242.54,0.95,248.49,560.47,17.6400000000001,340.9599999999991,358.5999999999992,3.3700000000000045,6.149999999999977,9.519999999999982,HT61
(2023-02-01) Dia,166.22,14.0,54.0,8.59,9.87,2.65,336.49,0.49,2023-02-01,1,2,2023,2,5,Dia,1.62,4.37,1316.37,32242.54,0.95,248.51,560.47,2.07,6.62,1331.89,32563.39,0.95,251.48,566.8,15.52000000000021,320.84999999999854,336.36999999999875,2.969999999999999,6.329999999999927,9.299999999999926,HT61
(2023-02-01) Noche,146.38,12.0,48.0,10.1,10.33,3.28,322.07,0.45,2023-02-01,1,2,2023,2,5,Noche,1.06,5.72,1331.94,32563.51,0.95,251.49,566.81,-1.62,10.01,1349.97,32867.54,0.95,254.78,572.12,18.029999999999973,304.0300000000025,322.06000000000245,3.289999999999992,5.310000000000059,8.600000000000051,HT61
(2023-02-02) Dia,92.36,8.0,42.0,6.11,8.39,4.4,255.02,0.36,2023-02-02,2,2,2023,3,6,Dia,1.57,2.8,1350.05,32867.54,0.95,254.8,572.12,-1.23,1.34,1364.2,33108.33,0.95,257.55,576.61,14.150000000000091,240.79000000000087,254.94000000000096,2.75,4.490000000000009,7.240000000000009,HT61
(2023-02-02) Noche,127.61,11.0,46.0,8.09,9.51,3.87,261.96,0.49,2023-02-02,2,2,2023,3,6,Noche,-1.46,1.51,1364.28,33108.33,0.95,257.56,576.61,0.17,-0.45,1382.63,33351.95,0.95,260.84,582.66,18.350000000000136,243.61999999999534,261.9699999999955,3.2799999999999727,6.0499999999999545,9.329999999999927,HT61
(2023-02-03) Dia,195.83,16.0,53.0,15.89,10.28,1.73,349.86,0.56,2023-02-03,3,2,2023,4,6,Dia,0.0,-0.45,1382.63,33351.95,0.95,260.84,582.66,-3.14,0.73,1397.46,33686.98,0.95,263.59,590.41,14.829999999999927,335.0300000000061,349.86000000000604,2.75,7.75,10.5,HT61
(2023-02-03) Noche,167.31,14.0,48.0,5.1,10.6,1.85,420.53,0.4,2023-02-03,3,2,2023,4,6,Noche,-3.02,-1.57,1397.46,33687.76,0.95,263.59,590.43,-4.2,2.41,1411.57,34094.14,0.95,266.16,597.91,14.1099999999999,406.3799999999974,420.4899999999973,2.57000000000005,7.480000000000018,10.050000000000068,HT61
(2023-02-04) Dia,100.88,8.0,45.0,8.84,8.78,4.98,296.85,0.34,2023-02-04,4,2,2023,5,6,Dia,0.0,-0.22,1411.57,34094.67,0.95,266.16,597.93,-3.92,0.45,1428.68,34374.4,0.95,269.32,602.95,17.110000000000127,279.7300000000032,296.84000000000333,3.159999999999968,5.0200000000000955,8.180000000000064,HT61
(2023-02-04) Noche,112.73,9.0,37.0,7.5,10.3,3.1,401.8,0.28,2023-02-04,4,2,2023,5,6,Noche,3.13,-0.9,1428.68,34374.65,0.95,269.32,602.97,0.78,0.39,1447.35,34757.83,0.95,272.97,608.76,18.669999999999845,383.1800000000003,401.85000000000014,3.650000000000034,5.789999999999964,9.439999999999998,HT61
(2023-02-05) Dia,128.21,11.0,42.0,14.21,10.47,2.5,423.75,0.3,2023-02-05,5,2,2023,6,6,Dia,-2.24,1.73,1447.35,34758.4,0.95,272.97,608.77,-4.09,8.42,1464.23,35164.61,0.95,276.06,615.13,16.88000000000011,406.2099999999991,423.08999999999924,3.089999999999975,6.360000000000014,9.449999999999989,HT61
(2023-02-05) Noche,178.34,15.0,46.0,5.81,10.64,1.91,405.97,0.44,2023-02-05,5,2,2023,6,6,Noche,-0.22,-1.23,1464.31,35164.81,0.95,276.07,615.14,2.52,4.54,1478.46,35556.39,0.95,278.77,622.44,14.150000000000091,391.58000000000175,405.73000000000184,2.6999999999999886,7.300000000000068,10.000000000000057,HT61
(2023-02-06) Dia,78.93,7.0,45.0,7.33,10.34,3.56,211.43,0.37,2023-02-06,6,2,2023,0,6,Dia,-1.29,6.5,1478.46,35558.56,0.95,278.77,622.44,-2.3,1.85,1506.29,35739.75,0.95,283.99,627.34,27.829999999999927,181.19000000000233,209.02000000000226,5.220000000000027,4.899999999999977,10.120000000000005,HT61
(2023-02-06) Noche,151.43,13.0,53.0,10.41,10.65,1.8,492.13,0.31,2023-02-06,6,2,2023,0,6,Noche,-0.78,0.67,1506.33,35740.08,0.95,284.0,627.35,-2.46,3.36,1519.47,36219.07,0.95,286.53,633.61,13.1400000000001,478.98999999999796,492.12999999999806,2.5299999999999727,6.259999999999991,8.789999999999964,HT61
(2023-02-07) Dia,166.2,14.0,49.0,12.69,10.39,2.7,409.16,0.41,2023-02-07,7,2,2023,1,6,Dia,-1.85,0.39,1519.47,36219.65,0.95,286.53,633.62,-3.58,5.15,1534.38,36613.89,0.95,289.45,640.2,14.910000000000082,394.23999999999796,409.14999999999804,2.920000000000016,6.580000000000041,9.500000000000057,HT61
(2023-02-07) Noche,151.27,13.0,54.0,5.83,10.15,2.15,416.13,0.36,2023-02-07,7,2,2023,1,6,Noche,-1.74,-5.44,1534.46,36614.02,0.95,289.47,640.2,-1.01,2.24,1549.26,37015.23,0.95,292.21,647.11,14.799999999999955,401.2100000000064,416.01000000000636,2.7399999999999523,6.909999999999968,9.64999999999992,HT61
(2023-02-08) Dia,140.82,12.0,46.0,10.24,10.32,2.55,378.0,0.37,2023-02-08,8,2,2023,2,6,Dia,-1.12,2.69,1549.39,37015.23,0.95,292.23,647.11,-1.06,3.69,1566.07,37376.47,0.95,295.26,653.74,16.679999999999836,361.23999999999796,377.9199999999978,3.0299999999999727,6.6299999999999955,9.659999999999968,HT61
(2023-02-08) Noche,175.51,15.0,56.0,10.03,10.23,2.03,454.05,0.39,2023-02-08,8,2,2023,2,6,Noche,-0.17,-0.9,1566.07,37377.53,0.95,295.26,653.75,0.45,-0.22,1577.6,37820.05,0.95,297.56,661.12,11.529999999999973,442.5200000000041,454.05000000000405,2.3000000000000114,7.3700000000000045,9.670000000000016,HT61
(2023-02-09) Dia,168.05,14.0,45.0,8.06,9.82,3.4,357.72,0.47,2023-02-09,9,2,2023,3,7,Dia,-0.17,-0.5,1577.6,37820.51,0.95,297.56,661.14,-2.35,3.25,1592.47,38162.91,0.95,300.41,667.7,14.870000000000118,342.40000000000146,357.2700000000016,2.8500000000000227,6.560000000000059,9.410000000000082,HT61
(2023-02-09) Noche,129.97,11.0,55.0,8.76,10.21,2.88,403.35,0.32,2023-02-09,9,2,2023,3,7,Noche,-4.93,2.18,1592.47,38163.52,0.95,300.41,667.72,-1.57,1.12,1609.74,38548.98,0.95,303.74,673.7,17.269999999999982,385.4600000000064,402.7300000000064,3.329999999999984,5.980000000000018,9.310000000000002,HT61
(2023-02-10) Dia,20.94,2.0,45.0,1.04,2.57,7.65,38.63,0.54,2023-02-10,10,2,2023,4,7,Dia,-1.85,1.23,1609.78,38549.03,0.95,303.75,673.7,-1.62,0.89,1616.53,38580.87,0.95,305.03,674.95,6.75,31.840000000003783,38.59000000000378,1.2799999999999727,1.25,2.5299999999999727,HT61
(2023-02-10) Noche,0.0,0.0,0.0,0.0,0.0,0.03,0.0,0.0,2023-02-10,10,2,2023,4,7,Noche,-1.9,1.62,1616.53,38580.87,0.95,305.03,674.95,-1.57,1.01,1616.55,38580.87,0.95,305.04,674.95,0.01999999999998181,0.0,0.01999999999998181,0.010000000000047748,0.0,0.010000000000047748,HT61
(2023-02-12) Dia,1.14,2.0,0.0,0.0,0.1,0.61,0.12,9.37,2023-02-12,12,2,2023,6,7,Dia,-1.9,1.34,1616.55,38580.96,0.95,305.04,674.96,0.33,-0.17,1616.55,38580.96,0.95,305.04,674.96,0.0,0.0,0.0,0.0,0.0,0.0,HT61
(2023-02-16) Dia,1.69,2.0,0.0,0.0,0.31,0.73,2.38,0.71,2023-02-16,16,2,2023,3,8,Dia,0.28,0.05,1616.55,38580.96,0.95,305.04,674.96,0.95,0.22,1617.3,38582.6,0.95,305.19,675.08,0.75,1.639999999999418,2.389999999999418,0.14999999999997726,0.12000000000000455,0.2699999999999818,HT61
(2023-02-16) Noche,20.87,2.0,32.0,3.89,1.75,6.51,60.32,0.35,2023-02-16,16,2,2023,3,8,Noche,0.5,1.4,1617.37,38582.93,0.95,305.21,675.08,2.24,0.0,1620.18,38640.04,0.95,305.72,676.33,2.810000000000173,57.11000000000058,59.920000000000755,0.5100000000000477,1.25,1.7600000000000477,HT61
(2023-02-17) Dia,0.1,0.0,0.0,0.0,0.23,11.98,2.49,0.04,2023-02-17,17,2,2023,4,8,Dia,2.29,-0.11,1620.18,38640.04,0.95,305.72,676.33,1.85,0.05,1621.04,38641.66,0.95,305.88,676.43,0.8599999999999,1.6200000000026193,2.4800000000025193,0.15999999999996817,0.09999999999990905,0.2599999999998772,HT61
(2023-02-17) Noche,3.01,0.0,24.0,0.18,0.57,11.8,9.61,0.31,2023-02-17,17,2,2023,4,8,Noche,1.68,0.05,1621.04,38641.66,0.95,305.88,676.43,0.56,0.28,1621.94,38650.37,0.95,306.07,676.88,0.900000000000091,8.709999999999127,9.609999999999218,0.18999999999999773,0.4500000000000455,0.6400000000000432,HT61
(2023-02-18) Dia,1.94,0.0,0.0,0.0,0.13,4.52,1.45,1.34,2023-02-18,18,2,2023,5,8,Dia,0.56,0.33,1621.94,38650.37,0.95,306.07,676.88,-0.06,0.28,1622.23,38651.53,0.95,306.13,676.96,0.2899999999999636,1.1599999999962165,1.4499999999961801,0.060000000000002274,0.08000000000004093,0.1400000000000432,HT61
(2022-12-19) Dia,81.19,11.0,55.0,4.96,5.37,2.15,273.24,0.3,2022-12-19,19,12,2022,0,51,Dia,0.0,0.0,0.0,0.0,0.0,0.0,0.0,0.0,0.0,0.0,0.0,0.0,0.0,0.0,0.0,0.0,0.0,0.0,0.0,0.0,HT62
(2022-12-19) Noche,123.32,10.0,48.0,11.91,10.56,2.98,456.74,0.27,2022-12-19,19,12,2022,0,51,Noche,0.0,0.0,0.0,0.0,0.0,0.0,0.0,0.0,0.0,0.0,0.0,0.0,0.0,0.0,0.0,0.0,0.0,0.0,0.0,0.0,HT62
(2022-12-20) Dia,155.72,13.0,50.0,8.57,10.36,2.32,489.63,0.32,2022-12-20,20,12,2022,1,51,Dia,0.0,0.0,0.0,0.0,0.0,0.0,0.0,0.0,0.0,0.0,0.0,0.0,0.0,0.0,0.0,0.0,0.0,0.0,0.0,0.0,HT62
(2022-12-20) Noche,114.13,10.0,43.0,6.69,9.99,3.76,358.79,0.32,2022-12-20,20,12,2022,1,51,Noche,0.0,0.0,0.0,0.0,0.0,0.0,0.0,0.0,0.0,0.0,0.0,0.0,0.0,0.0,0.0,0.0,0.0,0.0,0.0,0.0,HT62
(2022-12-21) Dia,184.98,15.0,55.0,11.13,10.96,2.15,433.62,0.43,2022-12-21,21,12,2022,2,51,Dia,0.0,0.0,0.0,0.0,0.0,0.0,0.0,0.0,0.0,0.0,0.0,0.0,0.0,0.0,0.0,0.0,0.0,0.0,0.0,0.0,HT62
(2022-12-21) Noche,134.32,11.0,43.0,8.53,10.16,2.45,380.44,0.35,2022-12-21,21,12,2022,2,51,Noche,0.0,0.0,0.0,0.0,0.0,0.0,0.0,0.0,0.0,0.0,0.0,0.0,0.0,0.0,0.0,0.0,0.0,0.0,0.0,0.0,HT62
(2022-12-22) Dia,146.96,12.0,40.0,9.82,11.8,1.62,418.32,0.35,2022-12-22,22,12,2022,3,52,Dia,0.0,0.0,0.0,0.0,0.0,0.0,0.0,0.0,0.0,0.0,0.0,0.0,0.0,0.0,0.0,0.0,0.0,0.0,0.0,0.0,HT62
(2022-12-22) Noche,141.13,12.0,42.0,9.08,9.73,2.9,381.01,0.37,2022-12-22,22,12,2022,3,52,Noche,0.0,0.0,0.0,0.0,0.0,0.0,0.0,0.0,0.0,0.0,0.0,0.0,0.0,0.0,0.0,0.0,0.0,0.0,0.0,0.0,HT62
(2022-12-23) Dia,113.07,9.0,56.0,10.76,10.77,3.0,412.82,0.27,2022-12-23,23,12,2022,4,52,Dia,0.0,0.0,0.0,0.0,0.0,0.0,0.0,0.0,0.0,0.0,0.0,0.0,0.0,0.0,0.0,0.0,0.0,0.0,0.0,0.0,HT62
(2022-12-23) Noche,150.13,13.0,42.0,6.8,9.93,3.41,353.28,0.42,2022-12-23,23,12,2022,4,52,Noche,0.0,0.0,0.0,0.0,0.0,0.0,0.0,0.0,0.0,0.0,0.0,0.0,0.0,0.0,0.0,0.0,0.0,0.0,0.0,0.0,HT62
(2022-12-24) Dia,206.54,17.0,55.0,10.34,10.04,2.55,539.99,0.38,2022-12-24,24,12,2022,5,52,Dia,0.0,0.0,0.0,0.0,0.0,0.0,0.0,0.0,0.0,0.0,0.0,0.0,0.0,0.0,0.0,0.0,0.0,0.0,0.0,0.0,HT62
(2022-12-24) Noche,113.36,9.0,53.0,5.54,7.76,5.54,327.52,0.35,2022-12-24,24,12,2022,5,52,Noche,0.0,0.0,0.0,0.0,0.0,0.0,0.0,0.0,0.0,0.0,0.0,0.0,0.0,0.0,0.0,0.0,0.0,0.0,0.0,0.0,HT62
(2022-12-25) Dia,154.0,13.0,53.0,8.7,9.32,3.28,398.76,0.39,2022-12-25,25,12,2022,6,52,Dia,0.0,0.0,0.0,0.0,0.0,0.0,0.0,0.0,0.0,0.0,0.0,0.0,0.0,0.0,0.0,0.0,0.0,0.0,0.0,0.0,HT62
(2022-12-25) Noche,143.69,12.0,53.0,10.7,10.39,2.23,409.5,0.35,2022-12-25,25,12,2022,6,52,Noche,0.0,0.0,0.0,0.0,0.0,0.0,0.0,0.0,0.0,0.0,0.0,0.0,0.0,0.0,0.0,0.0,0.0,0.0,0.0,0.0,HT62
(2022-12-26) Dia,136.68,11.0,50.0,7.25,10.55,3.77,327.81,0.42,2022-12-26,26,12,2022,0,52,Dia,0.0,0.0,0.0,0.0,0.0,0.0,0.0,0.0,0.0,0.0,0.0,0.0,0.0,0.0,0.0,0.0,0.0,0.0,0.0,0.0,HT62
(2022-12-26) Noche,126.27,11.0,52.0,8.03,8.41,3.94,343.78,0.37,2022-12-26,26,12,2022,0,52,Noche,0.0,0.0,0.0,0.0,0.0,0.0,0.0,0.0,0.0,0.0,0.0,0.0,0.0,0.0,0.0,0.0,0.0,0.0,0.0,0.0,HT62
(2022-12-27) Dia,164.01,14.0,56.0,8.85,9.53,3.12,449.07,0.37,2022-12-27,27,12,2022,1,52,Dia,0.0,0.0,0.0,0.0,0.0,0.0,0.0,0.0,0.0,0.0,0.0,0.0,0.0,0.0,0.0,0.0,0.0,0.0,0.0,0.0,HT62
(2022-12-27) Noche,136.47,11.0,56.0,7.68,8.84,4.88,403.17,0.34,2022-12-27,27,12,2022,1,52,Noche,0.0,0.0,0.0,0.0,0.0,0.0,0.0,0.0,0.0,0.0,0.0,0.0,0.0,0.0,0.0,0.0,0.0,0.0,0.0,0.0,HT62
(2022-12-28) Dia,148.56,12.0,54.0,8.98,11.13,2.43,403.97,0.37,2022-12-28,28,12,2022,2,52,Dia,0.0,0.0,0.0,0.0,0.0,0.0,0.0,0.0,0.0,0.0,0.0,0.0,0.0,0.0,0.0,0.0,0.0,0.0,0.0,0.0,HT62
(2022-12-28) Noche,152.92,13.0,54.0,12.04,10.76,1.49,423.45,0.36,2022-12-28,28,12,2022,2,52,Noche,0.0,0.0,0.0,0.0,0.0,0.0,0.0,0.0,0.0,0.0,0.0,0.0,0.0,0.0,0.0,0.0,0.0,0.0,0.0,0.0,HT62
(2022-12-29) Dia,214.38,18.0,52.0,13.78,11.47,1.42,427.38,0.5,2022-12-29,29,12,2022,3,53,Dia,0.0,0.0,0.0,0.0,0.0,0.0,0.0,0.0,0.0,0.0,0.0,0.0,0.0,0.0,0.0,0.0,0.0,0.0,0.0,0.0,HT62
(2022-12-29) Noche,178.93,15.0,54.0,6.96,10.48,1.61,482.01,0.37,2022-12-29,29,12,2022,3,53,Noche,0.0,0.0,0.0,0.0,0.0,0.0,0.0,0.0,0.0,0.0,0.0,0.0,0.0,0.0,0.0,0.0,0.0,0.0,0.0,0.0,HT62
(2022-12-30) Dia,186.02,16.0,51.0,9.43,11.27,1.21,523.25,0.36,2022-12-30,30,12,2022,4,53,Dia,0.0,0.0,0.0,0.0,0.0,0.0,0.0,0.0,0.0,0.0,0.0,0.0,0.0,0.0,0.0,0.0,0.0,0.0,0.0,0.0,HT62
(2022-12-30) Noche,117.74,10.0,42.0,8.02,9.98,4.48,353.07,0.33,2022-12-30,30,12,2022,4,53,Noche,0.0,0.0,0.0,0.0,0.0,0.0,0.0,0.0,0.0,0.0,0.0,0.0,0.0,0.0,0.0,0.0,0.0,0.0,0.0,0.0,HT62
(2022-12-31) Dia,163.89,14.0,52.0,8.43,10.32,3.05,393.74,0.42,2022-12-31,31,12,2022,5,53,Dia,0.0,0.0,0.0,0.0,0.0,0.0,0.0,0.0,0.0,0.0,0.0,0.0,0.0,0.0,0.0,0.0,0.0,0.0,0.0,0.0,HT62
(2022-12-31) Noche,172.04,14.0,54.0,9.0,8.4,3.98,423.05,0.41,2022-12-31,31,12,2022,5,53,Noche,0.0,0.0,0.0,0.0,0.0,0.0,0.0,0.0,0.0,0.0,0.0,0.0,0.0,0.0,0.0,0.0,0.0,0.0,0.0,0.0,HT62
(2023-01-01) Dia,146.33,12.0,43.0,8.05,8.94,3.98,376.38,0.39,2023-01-01,1,1,2023,6,53,Dia,0.0,0.0,0.0,0.0,0.0,0.0,0.0,0.0,0.0,0.0,0.0,0.0,0.0,0.0,0.0,0.0,0.0,0.0,0.0,0.0,HT62
(2023-01-01) Noche,203.65,17.0,52.0,9.3,10.47,1.97,471.0,0.43,2023-01-01,1,1,2023,6,53,Noche,0.0,0.0,0.0,0.0,0.0,0.0,0.0,0.0,0.0,0.0,0.0,0.0,0.0,0.0,0.0,0.0,0.0,0.0,0.0,0.0,HT62
(2023-01-02) Dia,182.67,15.0,50.0,8.94,11.19,2.73,477.85,0.38,2023-01-02,2,1,2023,0,1,Dia,0.0,0.0,0.0,0.0,0.0,0.0,0.0,0.0,0.0,0.0,0.0,0.0,0.0,0.0,0.0,0.0,0.0,0.0,0.0,0.0,HT62
(2023-01-02) Noche,103.09,9.0,48.0,6.58,7.0,5.58,279.07,0.37,2023-01-02,2,1,2023,0,1,Noche,0.0,0.0,0.0,0.0,0.0,0.0,0.0,0.0,0.0,0.0,0.0,0.0,0.0,0.0,0.0,0.0,0.0,0.0,0.0,0.0,HT62
(2023-01-03) Dia,147.01,12.0,54.0,7.48,8.91,4.48,341.85,0.43,2023-01-03,3,1,2023,1,1,Dia,0.0,0.0,0.0,0.0,0.0,0.0,0.0,0.0,0.0,0.0,0.0,0.0,0.0,0.0,0.0,0.0,0.0,0.0,0.0,0.0,HT62
(2023-01-03) Noche,143.72,12.0,45.0,10.33,10.81,2.48,425.78,0.34,2023-01-03,3,1,2023,1,1,Noche,0.0,0.0,0.0,0.0,0.0,0.0,0.0,0.0,0.0,0.0,0.0,0.0,0.0,0.0,0.0,0.0,0.0,0.0,0.0,0.0,HT62
(2023-01-04) Dia,162.15,14.0,48.0,8.73,10.62,2.28,457.32,0.35,2023-01-04,4,1,2023,2,1,Dia,0.0,0.0,0.0,0.0,0.0,0.0,0.0,0.0,0.0,0.0,0.0,0.0,0.0,0.0,0.0,0.0,0.0,0.0,0.0,0.0,HT62
(2023-01-04) Noche,52.82,4.0,51.0,3.78,4.23,9.07,142.99,0.37,2023-01-04,4,1,2023,2,1,Noche,0.0,0.0,0.0,0.0,0.0,0.0,0.0,0.0,0.0,0.0,0.0,0.0,0.0,0.0,0.0,0.0,0.0,0.0,0.0,0.0,HT62
(2023-01-05) Dia,118.6,10.0,47.0,8.32,10.29,3.01,315.05,0.38,2023-01-05,5,1,2023,3,2,Dia,0.0,0.0,0.0,0.0,0.0,0.0,0.0,0.0,0.0,0.0,0.0,0.0,0.0,0.0,0.0,0.0,0.0,0.0,0.0,0.0,HT62
(2023-01-05) Noche,7.09,1.0,31.0,0.0,2.04,11.8,22.8,0.31,2023-01-05,5,1,2023,3,2,Noche,0.0,0.0,0.0,0.0,0.0,0.0,0.0,0.0,0.0,0.0,0.0,0.0,0.0,0.0,0.0,0.0,0.0,0.0,0.0,0.0,HT62
(2023-01-06) Dia,66.95,6.0,55.0,4.06,4.9,7.9,152.09,0.44,2023-01-06,6,1,2023,4,2,Dia,0.0,0.0,0.0,0.0,0.0,0.0,0.0,0.0,0.0,0.0,0.0,0.0,0.0,0.0,0.0,0.0,0.0,0.0,0.0,0.0,HT62
(2023-01-06) Noche,158.57,13.0,40.0,11.29,9.84,2.46,441.09,0.36,2023-01-06,6,1,2023,4,2,Noche,0.0,0.0,0.0,0.0,0.0,0.0,0.0,0.0,0.0,0.0,0.0,0.0,0.0,0.0,0.0,0.0,0.0,0.0,0.0,0.0,HT62
(2023-01-07) Dia,165.43,14.0,50.0,8.21,10.35,2.0,427.94,0.39,2023-01-07,7,1,2023,5,2,Dia,0.0,0.0,0.0,0.0,0.0,0.0,0.0,0.0,0.0,0.0,0.0,0.0,0.0,0.0,0.0,0.0,0.0,0.0,0.0,0.0,HT62
(2023-01-07) Noche,155.22,13.0,39.0,10.97,10.8,2.0,442.82,0.35,2023-01-07,7,1,2023,5,2,Noche,0.0,0.0,0.0,0.0,0.0,0.0,0.0,0.0,0.0,0.0,0.0,0.0,0.0,0.0,0.0,0.0,0.0,0.0,0.0,0.0,HT62
(2023-01-08) Dia,157.88,13.0,46.0,10.77,11.22,2.23,475.57,0.33,2023-01-08,8,1,2023,6,2,Dia,0.0,0.0,0.0,0.0,0.0,0.0,0.0,0.0,0.0,0.0,0.0,0.0,0.0,0.0,0.0,0.0,0.0,0.0,0.0,0.0,HT62
(2023-01-08) Noche,153.46,13.0,45.0,6.96,10.28,3.06,432.39,0.35,2023-01-08,8,1,2023,6,2,Noche,0.0,0.0,0.0,0.0,0.0,0.0,0.0,0.0,0.0,0.0,0.0,0.0,0.0,0.0,0.0,0.0,0.0,0.0,0.0,0.0,HT62
(2023-01-09) Dia,8.06,4.0,31.0,0.64,0.8,1.46,36.54,0.22,2023-01-09,9,1,2023,0,2,Dia,0.0,0.0,0.0,0.0,0.0,0.0,0.0,0.0,0.0,0.0,0.0,0.0,0.0,0.0,0.0,0.0,0.0,0.0,0.0,0.0,HT62
(2023-01-11) Dia,6.93,3.0,35.0,2.64,32.3,2.34,1367.57,0.01,2023-01-11,11,1,2023,2,2,Dia,0.0,0.0,0.0,0.0,0.0,0.0,0.0,0.0,0.0,0.0,0.0,0.0,0.0,0.0,0.0,0.0,0.0,0.0,0.0,0.0,HT62
(2023-01-11) Noche,127.31,11.0,44.0,11.99,10.46,2.27,385.21,0.33,2023-01-11,11,1,2023,2,2,Noche,0.0,0.0,0.0,0.0,0.0,0.0,0.0,0.0,0.0,0.0,0.0,0.0,0.0,0.0,0.0,0.0,0.0,0.0,0.0,0.0,HT62
(2023-01-12) Dia,148.3,12.0,46.0,7.32,11.55,2.01,425.35,0.35,2023-01-12,12,1,2023,3,3,Dia,0.0,0.0,0.0,0.0,0.0,0.0,0.0,0.0,0.0,0.0,0.0,0.0,0.0,0.0,0.0,0.0,0.0,0.0,0.0,0.0,HT62
(2023-01-12) Noche,134.23,11.0,49.0,7.18,10.57,2.96,388.86,0.35,2023-01-12,12,1,2023,3,3,Noche,0.0,0.0,0.0,0.0,0.0,0.0,0.0,0.0,0.0,0.0,0.0,0.0,0.0,0.0,0.0,0.0,0.0,0.0,0.0,0.0,HT62
(2023-01-13) Dia,174.26,15.0,54.0,7.95,9.0,4.03,442.02,0.39,2023-01-13,13,1,2023,4,3,Dia,0.0,0.0,0.0,0.0,0.0,0.0,0.0,0.0,0.0,0.0,0.0,0.0,0.0,0.0,0.0,0.0,0.0,0.0,0.0,0.0,HT62
(2023-01-13) Noche,194.28,16.0,53.0,10.66,10.94,1.46,561.28,0.35,2023-01-13,13,1,2023,4,3,Noche,0.0,0.0,0.0,0.0,0.0,0.0,0.0,0.0,0.0,0.0,0.0,0.0,0.0,0.0,0.0,0.0,0.0,0.0,0.0,0.0,HT62
(2023-01-14) Dia,117.15,10.0,53.0,5.68,6.41,6.15,295.57,0.4,2023-01-14,14,1,2023,5,3,Dia,0.0,0.0,0.0,0.0,0.0,0.0,0.0,0.0,0.0,0.0,0.0,0.0,0.0,0.0,0.0,0.0,0.0,0.0,0.0,0.0,HT62
(2023-01-14) Noche,67.28,6.0,50.0,7.36,6.29,6.35,191.56,0.35,2023-01-14,14,1,2023,5,3,Noche,0.0,0.0,0.0,0.0,0.0,0.0,0.0,0.0,0.0,0.0,0.0,0.0,0.0,0.0,0.0,0.0,0.0,0.0,0.0,0.0,HT62
(2023-01-15) Dia,43.5,4.0,50.0,1.33,4.08,8.93,132.47,0.33,2023-01-15,15,1,2023,6,3,Dia,0.0,0.0,0.0,0.0,0.0,0.0,0.0,0.0,0.0,0.0,0.0,0.0,0.0,0.0,0.0,0.0,0.0,0.0,0.0,0.0,HT62
(2023-01-15) Noche,156.09,13.0,62.0,8.38,9.46,3.59,413.96,0.38,2023-01-15,15,1,2023,6,3,Noche,0.0,0.0,0.0,0.0,0.0,0.0,0.0,0.0,0.0,0.0,0.0,0.0,0.0,0.0,0.0,0.0,0.0,0.0,0.0,0.0,HT62
(2023-01-16) Dia,166.33,14.0,52.0,9.64,10.68,2.52,437.24,0.38,2023-01-16,16,1,2023,0,3,Dia,0.0,0.0,0.0,0.0,0.0,0.0,0.0,0.0,0.0,0.0,0.0,0.0,0.0,0.0,0.0,0.0,0.0,0.0,0.0,0.0,HT62
(2023-01-16) Noche,146.08,12.0,49.0,9.46,10.64,2.35,373.48,0.39,2023-01-16,16,1,2023,0,3,Noche,0.0,0.0,0.0,0.0,0.0,0.0,0.0,0.0,0.0,0.0,0.0,0.0,0.0,0.0,0.0,0.0,0.0,0.0,0.0,0.0,HT62
(2023-01-17) Dia,113.15,9.0,53.0,6.59,10.08,7.04,399.2,0.28,2023-01-17,17,1,2023,1,3,Dia,0.0,0.0,0.0,0.0,0.0,0.0,0.0,0.0,0.0,0.0,0.0,0.0,0.0,0.0,0.0,0.0,0.0,0.0,0.0,0.0,HT62
(2023-01-17) Noche,138.19,12.0,46.0,7.45,10.13,2.9,366.39,0.38,2023-01-17,17,1,2023,1,3,Noche,0.0,0.0,0.0,0.0,0.0,0.0,0.0,0.0,0.0,0.0,0.0,0.0,0.0,0.0,0.0,0.0,0.0,0.0,0.0,0.0,HT62
(2023-01-18) Dia,174.24,15.0,43.0,11.98,10.42,2.58,397.95,0.44,2023-01-18,18,1,2023,2,3,Dia,0.0,0.0,0.0,0.0,0.0,0.0,0.0,0.0,0.0,0.0,0.0,0.0,0.0,0.0,0.0,0.0,0.0,0.0,0.0,0.0,HT62
(2023-01-18) Noche,185.91,15.0,53.0,6.82,10.24,2.58,521.26,0.36,2023-01-18,18,1,2023,2,3,Noche,0.0,0.0,0.0,0.0,0.0,0.0,0.0,0.0,0.0,0.0,0.0,0.0,0.0,0.0,0.0,0.0,0.0,0.0,0.0,0.0,HT62
(2023-01-19) Dia,135.69,11.0,44.0,8.35,8.87,3.61,374.77,0.36,2023-01-19,19,1,2023,3,4,Dia,0.0,0.0,0.0,0.0,0.0,0.0,0.0,0.0,0.0,0.0,0.0,0.0,0.0,0.0,0.0,0.0,0.0,0.0,0.0,0.0,HT62
(2023-01-19) Noche,167.45,14.0,49.0,10.65,10.24,2.66,500.55,0.33,2023-01-19,19,1,2023,3,4,Noche,0.0,0.0,0.0,0.0,0.0,0.0,0.0,0.0,0.0,0.0,0.0,0.0,0.0,0.0,0.0,0.0,0.0,0.0,0.0,0.0,HT62
(2023-01-20) Dia,102.95,9.0,44.0,5.15,7.56,5.77,351.32,0.29,2023-01-20,20,1,2023,4,4,Dia,0.0,0.0,0.0,0.0,0.0,0.0,0.0,0.0,0.0,0.0,0.0,0.0,0.0,0.0,0.0,0.0,0.0,0.0,0.0,0.0,HT62
(2023-01-20) Noche,169.03,14.0,55.0,9.28,10.18,2.46,404.0,0.42,2023-01-20,20,1,2023,4,4,Noche,0.0,0.0,0.0,0.0,0.0,0.0,0.0,0.0,0.0,0.0,0.0,0.0,0.0,0.0,0.0,0.0,0.0,0.0,0.0,0.0,HT62
(2023-01-21) Dia,158.26,13.0,42.0,11.01,11.14,1.82,405.75,0.39,2023-01-21,21,1,2023,5,4,Dia,0.0,0.0,0.0,0.0,0.0,0.0,0.0,0.0,0.0,0.0,0.0,0.0,0.0,0.0,0.0,0.0,0.0,0.0,0.0,0.0,HT62
(2023-01-21) Noche,174.05,15.0,54.0,8.11,9.67,3.03,337.23,0.52,2023-01-21,21,1,2023,5,4,Noche,0.0,0.0,0.0,0.0,0.0,0.0,0.0,0.0,0.0,0.0,0.0,0.0,0.0,0.0,0.0,0.0,0.0,0.0,0.0,0.0,HT62
(2023-01-22) Dia,104.65,9.0,41.0,6.21,7.12,5.9,245.69,0.43,2023-01-22,22,1,2023,6,4,Dia,0.0,0.0,0.0,0.0,0.0,0.0,0.0,0.0,0.0,0.0,0.0,0.0,0.0,0.0,0.0,0.0,0.0,0.0,0.0,0.0,HT62
(2023-01-22) Noche,161.76,13.0,47.0,10.03,10.6,2.25,448.13,0.36,2023-01-22,22,1,2023,6,4,Noche,0.0,0.0,0.0,0.0,0.0,0.0,0.0,0.0,0.0,0.0,0.0,0.0,0.0,0.0,0.0,0.0,0.0,0.0,0.0,0.0,HT62
(2023-01-23) Dia,115.09,10.0,44.0,8.89,9.07,5.03,299.79,0.38,2023-01-23,23,1,2023,0,4,Dia,0.0,0.0,0.0,0.0,0.0,0.0,0.0,0.0,0.0,0.0,0.0,0.0,0.0,0.0,0.0,0.0,0.0,0.0,0.0,0.0,HT62
(2023-01-23) Noche,142.31,12.0,38.0,10.06,11.64,2.43,394.69,0.36,2023-01-23,23,1,2023,0,4,Noche,0.0,0.0,0.0,0.0,0.0,0.0,0.0,0.0,0.0,0.0,0.0,0.0,0.0,0.0,0.0,0.0,0.0,0.0,0.0,0.0,HT62
(2023-01-24) Dia,148.87,12.0,47.0,6.91,10.29,2.21,386.15,0.39,2023-01-24,24,1,2023,1,4,Dia,0.0,0.0,0.0,0.0,0.0,0.0,0.0,0.0,0.0,0.0,0.0,0.0,0.0,0.0,0.0,0.0,0.0,0.0,0.0,0.0,HT62
(2023-01-24) Noche,133.77,11.0,42.0,9.0,8.81,3.38,322.62,0.41,2023-01-24,24,1,2023,1,4,Noche,0.0,0.0,0.0,0.0,0.0,0.0,0.0,0.0,0.0,0.0,0.0,0.0,0.0,0.0,0.0,0.0,0.0,0.0,0.0,0.0,HT62
(2023-01-25) Dia,71.66,6.0,37.0,6.95,10.28,4.65,310.88,0.23,2023-01-25,25,1,2023,2,4,Dia,0.0,0.0,0.0,0.0,0.0,0.0,0.0,0.0,0.0,0.0,0.0,0.0,0.0,0.0,0.0,0.0,0.0,0.0,0.0,0.0,HT62
(2023-01-25) Noche,125.07,10.0,44.0,9.64,10.55,2.34,310.68,0.4,2023-01-25,25,1,2023,2,4,Noche,0.0,0.0,0.0,0.0,0.0,0.0,0.0,0.0,0.0,0.0,0.0,0.0,0.0,0.0,0.0,0.0,0.0,0.0,0.0,0.0,HT62
(2023-01-26) Dia,50.79,4.0,41.0,2.98,3.64,9.0,96.35,0.53,2023-01-26,26,1,2023,3,5,Dia,0.0,0.0,0.0,0.0,0.0,0.0,0.0,0.0,0.0,0.0,0.0,0.0,0.0,0.0,0.0,0.0,0.0,0.0,0.0,0.0,HT62
(2023-01-26) Noche,81.66,7.0,46.0,5.58,6.12,6.97,183.42,0.45,2023-01-26,26,1,2023,3,5,Noche,0.0,0.0,0.0,0.0,0.0,0.0,0.0,0.0,0.0,0.0,0.0,0.0,0.0,0.0,0.0,0.0,0.0,0.0,0.0,0.0,HT62
(2023-01-27) Dia,132.8,11.0,47.0,8.7,11.15,2.72,336.73,0.39,2023-01-27,27,1,2023,4,5,Dia,0.0,0.0,0.0,0.0,0.0,0.0,0.0,0.0,0.0,0.0,0.0,0.0,0.0,0.0,0.0,0.0,0.0,0.0,0.0,0.0,HT62
(2023-01-27) Noche,79.51,7.0,38.0,4.61,4.98,7.35,209.4,0.38,2023-01-27,27,1,2023,4,5,Noche,0.0,0.0,0.0,0.0,0.0,0.0,0.0,0.0,0.0,0.0,0.0,0.0,0.0,0.0,0.0,0.0,0.0,0.0,0.0,0.0,HT62
(2023-01-28) Dia,2.5,0.0,11.0,0.0,0.77,11.98,9.13,0.27,2023-01-28,28,1,2023,5,5,Dia,0.0,0.0,0.0,0.0,0.0,0.0,0.0,0.0,0.0,0.0,0.0,0.0,0.0,0.0,0.0,0.0,0.0,0.0,0.0,0.0,HT62
(2023-01-28) Noche,0.79,0.0,11.0,0.0,0.08,2.24,0.97,0.82,2023-01-28,28,1,2023,5,5,Noche,0.0,0.0,0.0,0.0,0.0,0.0,0.0,0.0,0.0,0.0,0.0,0.0,0.0,0.0,0.0,0.0,0.0,0.0,0.0,0.0,HT62
(2023-01-30) Dia,0.0,0.0,0.0,0.0,0.23,5.95,2.98,0.0,2023-01-30,30,1,2023,0,5,Dia,0.0,0.0,0.0,0.0,0.0,0.0,0.0,0.0,0.0,0.0,0.0,0.0,0.0,0.0,0.0,0.0,0.0,0.0,0.0,0.0,HT62
(2023-01-30) Noche,61.47,6.0,37.0,10.19,4.92,4.18,175.34,0.35,2023-01-30,30,1,2023,0,5,Noche,0.0,0.0,0.0,0.0,0.0,0.0,0.0,0.0,0.0,0.0,0.0,0.0,0.0,0.0,0.0,0.0,0.0,0.0,0.0,0.0,HT62
(2023-01-31) Dia,159.92,13.0,45.0,11.23,9.6,1.71,383.76,0.42,2023-01-31,31,1,2023,1,5,Dia,0.0,0.0,0.0,0.0,0.0,0.0,0.0,0.0,0.0,0.0,0.0,0.0,0.0,0.0,0.0,0.0,0.0,0.0,0.0,0.0,HT62
(2023-01-31) Noche,141.71,12.0,55.0,2.46,8.39,3.72,325.36,0.44,2023-01-31,31,1,2023,1,5,Noche,-5.1,-0.17,2007.05,29085.98,0.0,275.79,441.13,-5.49,0.0,2007.05,29085.98,0.0,275.79,441.13,0.0,0.0,0.0,0.0,0.0,0.0,HT62
(2023-02-01) Dia,12.39,1.0,42.0,0.66,0.86,11.31,26.74,0.46,2023-02-01,1,2,2023,2,5,Dia,-5.66,0.05,2007.05,29085.98,0.0,275.79,441.13,-3.3,1.57,2009.25,29110.51,0.0,276.07,441.63,2.2000000000000455,24.529999999998836,26.72999999999888,0.2799999999999727,0.5,0.7799999999999727,HT62
(2023-02-01) Noche,23.66,2.0,54.0,1.49,2.88,10.48,54.03,0.44,2023-02-01,1,2,2023,2,5,Noche,-3.3,1.57,2009.25,29110.51,0.0,276.07,441.63,-4.09,1.34,2021.14,29152.65,0.0,277.93,442.58,11.8900000000001,42.140000000003056,54.030000000003156,1.8600000000000136,0.9499999999999886,2.8100000000000023,HT62
(2023-02-02) Dia,4.01,0.0,0.0,0.0,1.19,11.98,9.99,0.4,2023-02-02,2,2,2023,3,6,Dia,-4.26,1.45,2021.14,29152.65,0.0,277.93,442.58,-4.93,3.08,2027.58,29156.2,0.0,278.96,442.77,6.439999999999827,3.5499999999992724,9.9899999999991,1.0299999999999727,0.18999999999999773,1.2199999999999704,HT62
(2023-02-02) Noche,47.03,4.0,59.0,2.83,3.43,9.13,110.66,0.42,2023-02-02,2,2,2023,3,6,Noche,-4.76,3.02,2027.71,29156.28,0.0,278.98,442.78,-4.2,-1.18,2039.31,29255.13,0.0,280.51,444.62,11.599999999999909,98.85000000000218,110.45000000000209,1.5299999999999727,1.8400000000000318,3.3700000000000045,HT62
(2023-02-03) Dia,75.65,6.0,51.0,5.11,5.19,7.91,173.49,0.44,2023-02-03,3,2,2023,4,6,Dia,-4.26,-0.9,2039.39,29255.13,0.0,280.53,444.62,-6.45,6.73,2054.51,29413.49,0.0,282.72,447.56,15.120000000000118,158.36000000000058,173.4800000000007,2.1900000000000546,2.9399999999999977,5.130000000000052,HT62
(2023-02-03) Noche,170.4,14.0,41.0,9.34,11.21,1.61,454.89,0.37,2023-02-03,3,2,2023,4,6,Noche,-5.1,4.14,2054.51,29413.49,0.0,282.72,447.56,-4.59,1.29,2078.14,29844.75,0.0,285.91,454.57,23.629999999999654,431.2599999999984,454.88999999999805,3.1899999999999977,7.009999999999991,10.199999999999989,HT62
(2023-02-04) Dia,94.55,8.0,50.0,8.66,7.9,4.94,276.94,0.34,2023-02-04,4,2,2023,5,6,Dia,-4.71,1.34,2078.14,29844.75,0.0,285.91,454.57,4.03,-2.41,2101.1,30098.25,0.0,289.22,458.58,22.960000000000036,253.5,276.46000000000004,3.3100000000000023,4.009999999999991,7.319999999999993,HT62
(2023-02-04) Noche,46.07,4.0,41.0,0.79,4.1,9.56,121.35,0.38,2023-02-04,4,2,2023,5,6,Noche,-11.78,4.48,2101.1,30100.01,0.0,289.22,458.6,-5.21,2.18,2114.89,30206.91,0.0,291.18,460.57,13.789999999999964,106.90000000000146,120.69000000000142,1.9599999999999795,1.9699999999999704,3.92999999999995,HT62
(2023-02-05) Dia,24.57,2.0,49.0,1.64,3.4,10.68,84.04,0.29,2023-02-05,5,2,2023,6,6,Dia,-5.44,2.35,2114.89,30206.91,0.0,291.18,460.57,-6.39,7.46,2128.08,30277.76,0.0,292.82,462.33,13.190000000000055,70.84999999999854,84.0399999999986,1.6399999999999864,1.759999999999991,3.3999999999999773,HT62
(2023-02-05) Noche,138.32,12.0,40.0,9.23,10.26,2.93,336.13,0.41,2023-02-05,5,2,2023,6,6,Noche,-6.34,2.63,2128.08,30277.76,0.0,292.82,462.33,-8.48,1.12,2156.73,30585.13,0.0,296.9,467.78,28.65000000000009,307.3700000000026,336.0200000000027,4.079999999999984,5.449999999999989,9.529999999999973,HT62
(2023-02-06) Dia,146.98,12.0,54.0,8.92,11.25,2.73,377.97,0.39,2023-02-06,6,2,2023,0,6,Dia,-7.46,4.48,2156.73,30585.61,0.0,296.9,467.79,2.63,4.7,2190.39,30929.56,0.0,301.72,473.76,33.659999999999854,343.9500000000007,377.6100000000006,4.82000000000005,5.96999999999997,10.79000000000002,HT62
(2023-02-06) Noche,147.0,12.0,52.0,9.49,10.87,2.85,369.83,0.4,2023-02-06,6,2,2023,0,6,Noche,-6.84,-5.83,2190.43,30930.95,0.0,301.72,473.77,-5.44,7.35,2221.17,31269.06,0.0,306.3,479.25,30.740000000000236,338.1100000000006,368.8500000000008,4.579999999999984,5.480000000000018,10.060000000000002,HT62
(2023-02-07) Dia,106.6,9.0,43.0,6.8,7.02,5.85,233.69,0.46,2023-02-07,7,2,2023,1,6,Dia,-4.71,7.86,2221.17,31269.06,0.0,306.3,479.25,-9.5,4.93,2241.68,31482.24,0.0,309.1,483.23,20.509999999999764,213.1800000000003,233.69000000000005,2.8000000000000114,3.980000000000018,6.78000000000003,HT62
(2023-02-07) Noche,97.06,8.0,50.0,5.42,8.26,5.4,325.32,0.3,2023-02-07,7,2,2023,1,6,Noche,-7.63,1.62,2241.68,31482.3,0.0,309.1,483.24,-6.17,-0.73,2264.02,31785.28,0.0,312.57,487.2,22.340000000000146,302.97999999999956,325.3199999999997,3.4699999999999704,3.9599999999999795,7.42999999999995,HT62
(2023-02-08) Dia,125.97,11.0,44.0,8.05,9.28,4.14,363.11,0.35,2023-02-08,8,2,2023,2,6,Dia,-6.06,-0.67,2264.02,31785.28,0.0,312.57,487.2,-5.77,-0.67,2287.64,32123.96,0.0,316.16,492.26,23.61999999999989,338.6800000000003,362.3000000000002,3.590000000000032,5.060000000000002,8.650000000000034,HT62
(2023-02-08) Noche,114.39,10.0,52.0,8.58,10.27,3.18,436.49,0.26,2023-02-08,8,2,2023,2,6,Noche,-5.27,-0.5,2287.64,32124.77,0.0,316.16,492.28,-2.63,1.34,2313.29,32535.62,0.0,320.09,497.4,25.65000000000009,410.84999999999854,436.49999999999864,3.92999999999995,5.1200000000000045,9.049999999999955,HT62
(2023-02-09) Dia,165.49,14.0,50.0,10.56,9.19,2.63,387.93,0.43,2023-02-09,9,2,2023,3,7,Dia,-2.86,1.45,2313.29,32535.62,0.0,320.09,497.4,-8.03,0.39,2335.67,32900.11,0.0,322.86,503.1,22.38000000000011,364.4900000000016,386.8700000000017,2.7700000000000387,5.7000000000000455,8.470000000000084,HT62
(2023-02-09) Noche,128.34,11.0,51.0,11.72,10.79,1.69,447.09,0.29,2023-02-09,9,2,2023,3,7,Noche,-11.04,2.57,2335.67,32901.41,0.0,322.86,503.12,-5.1,-1.29,2362.56,33321.13,0.0,326.99,508.48,26.889999999999873,419.7199999999939,446.60999999999376,4.1299999999999955,5.360000000000014,9.490000000000009,HT62
(2023-02-10) Dia,162.32,14.0,52.0,9.63,10.61,1.96,426.26,0.38,2023-02-10,10,2,2023,4,7,Dia,-5.1,1.9,2362.63,33321.7,0.0,327.0,508.49,0.11,-2.07,2387.74,33722.36,0.0,330.51,514.64,25.109999999999673,400.6600000000035,425.77000000000317,3.509999999999991,6.149999999999977,9.659999999999968,HT62
(2023-02-10) Noche,188.54,16.0,55.0,7.5,9.69,2.68,495.0,0.38,2023-02-10,10,2,2023,4,7,Noche,-8.59,3.08,2387.74,33722.53,0.0,330.51,514.64,-5.94,5.72,2406.86,34198.4,0.0,332.89,521.19,19.120000000000346,475.8700000000026,494.99000000000296,2.3799999999999955,6.550000000000068,8.930000000000064,HT62
(2023-02-11) Dia,175.6,15.0,58.0,9.69,11.11,1.92,426.24,0.41,2023-02-11,11,2,2023,5,7,Dia,-6.17,2.35,2406.86,34198.4,0.0,332.89,521.19,-5.21,4.37,2435.07,34594.11,0.0,336.62,527.67,28.210000000000036,395.7099999999991,423.91999999999916,3.730000000000018,6.4799999999999045,10.209999999999923,HT62
(2023-02-11) Noche,87.47,7.0,48.0,7.96,8.62,4.3,255.8,0.34,2023-02-11,11,2,2023,5,7,Noche,-8.31,2.35,2435.15,34594.11,0.0,336.63,527.67,-6.22,1.34,2463.76,34821.29,0.0,340.86,531.68,28.610000000000127,227.1800000000003,255.79000000000042,4.230000000000018,4.009999999999991,8.240000000000009,HT62
(2023-02-12) Dia,135.64,11.0,49.0,7.06,7.72,4.62,311.31,0.44,2023-02-12,12,2,2023,6,7,Dia,-6.28,1.68,2463.8,34821.33,0.0,340.87,531.68,1.12,-1.12,2483.07,35113.36,0.0,343.46,536.25,19.269999999999982,292.02999999999884,311.2999999999988,2.589999999999975,4.57000000000005,7.160000000000025,HT62
(2023-02-12) Noche,130.08,11.0,42.0,7.33,7.51,4.65,340.06,0.38,2023-02-12,12,2,2023,6,7,Noche,1.23,-1.18,2483.07,35113.36,0.0,343.46,536.25,5.94,-0.73,2498.37,35438.12,0.0,345.52,541.2,15.299999999999727,324.76000000000204,340.06000000000176,2.0600000000000023,4.9500000000000455,7.010000000000048,HT62
(2023-02-13) Dia,22.87,2.0,50.0,1.06,1.9,8.82,46.72,0.49,2023-02-13,13,2,2023,0,7,Dia,6.0,-0.67,2498.37,35438.12,0.0,345.52,541.2,-2.35,2.24,2505.97,35477.25,0.0,346.53,542.11,7.599999999999909,39.12999999999738,46.72999999999729,1.009999999999991,0.9099999999999682,1.919999999999959,HT62
(2023-02-14) Noche,71.95,11.0,47.0,3.88,31.75,2.61,170.93,0.42,2023-02-14,14,2,2023,1,7,Noche,-3.81,-8.76,2571.55,36519.02,0.0,355.78,558.44,-0.34,0.61,2581.42,36679.87,0.0,357.18,561.12,9.86999999999989,160.85000000000582,170.7200000000057,1.400000000000034,2.67999999999995,4.079999999999984,HT62
(2023-02-15) Dia,153.62,13.0,47.0,12.24,10.53,1.58,447.48,0.34,2023-02-15,15,2,2023,2,7,Dia,-0.39,0.5,2581.42,36679.87,0.0,357.18,561.12,-1.85,-0.67,2606.84,37101.65,0.0,360.5,567.55,25.420000000000073,421.77999999999884,447.1999999999989,3.319999999999993,6.42999999999995,9.749999999999943,HT62
(2023-02-15) Noche,146.05,12.0,43.0,6.06,9.13,4.08,374.49,0.39,2023-02-15,15,2,2023,2,7,Noche,-3.08,-2.18,2606.92,37102.26,0.0,360.51,567.56,-0.11,-0.56,2627.84,37455.41,0.0,363.33,573.18,20.920000000000073,353.15000000000146,374.0700000000015,2.819999999999993,5.6200000000000045,8.439999999999998,HT62
(2023-02-16) Dia,1.18,0.0,0.0,0.0,0.04,3.53,0.4,2.93,2023-02-16,16,2,2023,3,8,Dia,-0.22,-0.56,2627.84,37455.41,0.0,363.33,573.18,-1.01,0.95,2628.07,37455.59,0.0,363.38,573.2,0.2300000000000182,0.17999999999301508,0.40999999999303327,0.05000000000001137,0.020000000000095497,0.07000000000010687,HT62
(2023-02-17) Dia,0.0,0.0,0.0,0.0,0.0,0.93,0.0,0.0,2023-02-17,17,2,2023,4,8,Dia,-1.51,1.51,2628.07,37455.59,0.0,363.38,573.2,-0.22,0.05,2628.07,37455.59,0.0,363.38,573.2,0.0,0.0,0.0,0.0,0.0,0.0,HT62
(2023-02-17) Noche,95.76,12.0,49.0,5.9,6.3,1.89,241.8,0.4,2023-02-17,17,2,2023,4,8,Noche,-0.34,0.5,2628.07,37455.59,0.0,363.38,573.2,0.39,6.17,2643.12,37682.34,0.0,365.39,576.92,15.049999999999727,226.75,241.79999999999973,2.009999999999991,3.7199999999999136,5.7299999999999045,HT62
(2023-02-18) Dia,116.99,15.0,46.0,7.33,7.86,0.6,291.51,0.4,2023-02-18,18,2,2023,5,8,Dia,-1.01,4.93,2643.12,37682.34,0.0,365.39,576.92,7.07,-5.66,2661.92,37955.04,0.0,368.02,581.61,18.800000000000182,272.70000000000437,291.50000000000455,2.6299999999999955,4.690000000000055,7.32000000000005,HT62
(2023-02-19) Dia,108.41,9.0,41.0,8.19,21.8,4.58,285.43,0.38,2023-02-19,19,2,2023,6,8,Dia,-0.22,-0.62,2694.19,38457.91,0.0,372.18,590.05,-2.46,-2.91,2714.45,38722.48,0.0,375.07,594.55,20.259999999999764,264.5699999999997,284.8299999999995,2.8899999999999864,4.5,7.389999999999986,HT62
(2023-02-19) Noche,138.61,12.0,49.0,7.35,8.96,3.6,365.25,0.38,2023-02-19,19,2,2023,6,8,Noche,0.78,-1.01,2714.61,38722.64,0.0,375.08,594.56,-2.8,-8.76,2736.08,39066.22,0.0,377.99,599.94,21.4699999999998,343.58000000000175,365.05000000000155,2.910000000000025,5.380000000000109,8.290000000000134,HT62
(2023-02-20) Dia,1.27,0.0,0.0,0.0,0.07,11.46,0.48,2.63,2023-02-20,20,2,2023,0,8,Dia,-2.41,-8.59,2736.08,39066.22,0.0,377.99,599.94,-2.52,-8.25,2736.48,39066.31,0.0,378.07,599.94,0.40000000000009095,0.08999999999650754,0.4899999999965985,0.07999999999998408,0.0,0.07999999999998408,HT62
(2023-02-21) Dia,2.05,1.0,5.0,0.0,0.66,2.18,8.81,0.23,2023-02-21,21,2,2023,1,8,Dia,-2.58,-7.69,2736.48,39066.31,0.0,378.07,599.94,-2.07,-8.09,2739.9,39071.69,0.0,378.52,600.18,3.4200000000000728,5.380000000004657,8.80000000000473,0.44999999999998863,0.2399999999998954,0.689999999999884,HT62
(2023-02-21) Noche,20.92,2.0,42.0,0.68,2.12,9.8,70.55,0.3,2023-02-21,21,2,2023,1,8,Noche,-3.19,-7.13,2739.9,39071.69,0.0,378.52,600.18,2.35,-1.57,2747.91,39134.23,0.0,379.64,601.27,8.009999999999764,62.54000000000087,70.55000000000064,1.1200000000000045,1.0900000000000318,2.2100000000000364,HT62
(2023-02-22) Dia,1.73,0.0,6.0,0.0,0.37,11.98,4.26,0.4,2023-02-22,22,2,2023,2,8,Dia,2.35,-1.62,2747.91,39134.23,0.0,379.64,601.27,2.13,-1.68,2750.18,39136.23,0.0,379.92,601.38,2.269999999999982,2.0,4.269999999999982,0.28000000000002956,0.11000000000001364,0.3900000000000432,HT62
(2023-02-22) Noche,0.0,0.0,0.0,0.0,0.0,2.8,0.0,0.0,2023-02-22,22,2,2023,2,8,Noche,2.13,-1.51,2750.18,39136.23,0.0,379.92,601.38,1.9,-1.34,2750.18,39136.23,0.0,379.92,601.38,0.0,0.0,0.0,0.0,0.0,0.0,HT62
(2023-02-23) Dia,0.0,0.0,0.0,0.0,0.06,4.81,1.19,0.0,2023-02-23,23,2,2023,3,9,Dia,1.45,-0.9,2750.2,39136.23,0.0,379.94,601.38,0.05,0.0,2750.43,39137.16,0.0,379.99,601.41,0.2300000000000182,0.930000000000291,1.1600000000003092,0.05000000000001137,0.029999999999972715,0.07999999999998408,HT62
(2023-02-23) Noche,139.42,12.0,50.0,9.43,10.46,2.55,408.46,0.34,2023-02-23,23,2,2023,3,9,Noche,0.05,-0.11,2750.43,39137.16,0.0,379.99,601.41,0.39,0.11,2777.49,39518.56,0.0,383.65,607.36,27.059999999999945,381.3999999999942,408.4599999999941,3.659999999999968,5.9500000000000455,9.610000000000014,HT62
(2023-02-24) Dia,61.09,5.0,51.0,3.17,4.07,8.81,163.03,0.37,2023-02-24,24,2,2023,4,9,Dia,0.33,0.17,2777.49,39518.56,0.0,383.65,607.36,0.33,0.22,2788.97,39670.11,0.0,385.3,609.54,11.480000000000018,151.5500000000029,163.03000000000293,1.650000000000034,2.17999999999995,3.829999999999984,HT62
(2023-02-24) Noche,62.15,5.0,41.0,5.46,7.46,6.61,245.8,0.25,2023-02-24,24,2,2023,4,9,Noche,0.33,0.22,2788.97,39670.11,0.0,385.3,609.54,-6.17,4.99,2812.27,39892.57,0.0,388.62,612.82,23.300000000000182,222.45999999999913,245.7599999999993,3.319999999999993,3.2800000000000864,6.60000000000008,HT62
(2023-02-25) Dia,165.69,14.0,48.0,9.43,11.37,2.68,537.28,0.31,2023-02-25,25,2,2023,5,9,Dia,-1.62,6.73,2812.31,39892.57,0.0,388.64,612.82,0.11,1.45,2835.74,40406.41,0.0,391.54,620.44,23.429999999999836,513.8400000000038,537.2700000000036,2.900000000000034,7.6200000000000045,10.520000000000039,HT62
(2023-02-25) Noche,158.78,13.0,45.0,10.38,10.92,1.98,394.31,0.4,2023-02-25,25,2,2023,5,9,Noche,-1.18,0.95,2835.85,40406.45,0.0,391.56,620.44,-0.28,-1.29,2861.31,40775.06,0.0,394.98,627.1,25.460000000000036,368.6100000000006,394.0700000000006,3.420000000000016,6.659999999999968,10.079999999999984,HT62
(2023-02-26) Dia,114.03,9.0,50.0,10.71,8.26,4.48,315.96,0.36,2023-02-26,26,2,2023,6,9,Dia,-2.52,1.68,2861.31,40776.12,0.0,394.98,627.12,-2.52,4.93,2884.87,41067.43,0.0,398.23,631.79,23.559999999999945,291.3099999999977,314.8699999999976,3.25,4.669999999999959,7.919999999999959,HT62
(2023-02-26) Noche,178.2,15.0,42.0,7.94,10.8,1.66,390.83,0.46,2023-02-26,26,2,2023,6,9,Noche,0.95,0.0,2884.94,41067.59,0.0,398.25,631.79,-2.91,7.74,2909.97,41433.31,0.0,401.59,638.58,25.029999999999745,365.72000000000116,390.7500000000009,3.339999999999975,6.790000000000077,10.130000000000052,HT62
(2023-02-27) Dia,19.81,5.0,31.0,0.0,1.41,2.65,58.03,0.34,2023-02-27,27,2,2023,0,9,Dia,-2.69,7.74,2910.05,41433.31,0.0,401.6,638.58,-1.34,-1.62,2913.6,41487.8,0.0,402.13,639.45,3.549999999999727,54.49000000000524,58.040000000004966,0.5299999999999727,0.8700000000000045,1.3999999999999773,HT62
